{
    "CLSCLO": {
        "default": ["market", "classes"],
        "additional": [ 
            { "description": "Load Factor", "code": "loadFactorCondition" },
            { "description": "Carriers", "code": "carrierCondition" },
            { "description": "Flights", "code": "flightCondition" },
            { "description": "Equipment", "code": "equipmentCondition" },
            { "description": "Point of Commencement", "code": "pointOfCommencementCondition" },
            { "description": "Point of Sale", "code": "pointOfSaleCondition" },
            { "description": "Connection Points", "code": "connectionPointCondition" },
            { "description": "Routing", "code": "routingCondition" },
            { "description": "Class Booking", "code": "classBookingCondition" },
            { "description": "Departure Dates", "code": "departureDateCondition" },
            { "description": "Selling Dates", "code": "sellingDateTimeCondition" },
            { "description": "Departure Time", "code": "departureTimeCondition" },
            { "description": "Arrival Time", "code": "arrivalTimeCondition" },
            { "description": "Time Outside Departure", "code": "timeOutsideDepartureCondition" },
            { "description": "Time to Departure", "code": "timeToDepartureCondition" }
		    ]
    },
    "CLSSUP": {
        "default": ["market", "classes"],
        "additional": [ 
            { "description": "Carriers", "code": "carrierCondition" },
            { "description": "Flights", "code": "flightCondition" },
            { "description": "Connection Points", "code": "connectionPointCondition" },
            { "description": "Routing", "code": "routingCondition" },
            { "description": "Point of Commencement", "code": "pointOfCommencementCondition" },
            { "description": "Point of Sale", "code": "pointOfSaleCondition" },
            { "description": "Departure Dates", "code": "departureDateCondition" },
            { "description": "Selling Dates", "code": "sellingDateTimeCondition" },
            { "description": "Departure Time", "code": "departureTimeCondition" },
            { "description": "Arrival Time", "code": "arrivalTimeCondition" },
            { "description": "Time Outside Departure", "code": "timeOutsideDepartureCondition" },
            { "description": "Time to Departure", "code": "timeToDepartureCondition" },
            { "description": "Equipment", "code": "equipmentCondition" }]
    },
    "AVLADJ": {
        "default": ["market", "availability-adjustment", "classes"],
        "additional": [ 
            { "description": "Load Factor", "code": "loadFactorCondition" },
            { "description": "Carriers", "code": "carrierCondition" },
            { "description": "Flights", "code": "flightCondition" },
            { "description": "Connection Points", "code": "connectionPointCondition" },
            { "description": "Routing", "code": "routingCondition" },
            { "description": "Class Booking", "code": "classBookingCondition" },
            { "description": "Point of Commencement", "code": "pointOfCommencementCondition" },
            { "description": "Point of Sale", "code": "pointOfSaleCondition" },
            { "description": "Class Availability", "code": "classAvailabilityCondition" },
            { "description": "Departure Dates", "code": "departureDateCondition" },
            { "description": "Selling Dates", "code": "sellingDateTimeCondition" },
            { "description": "Departure Time", "code": "departureTimeCondition" },
            { "description": "Arrival Time", "code": "arrivalTimeCondition" },
            { "description": "Time Outside Departure", "code": "timeOutsideDepartureCondition" },
            { "description": "Time to Departure", "code": "timeToDepartureCondition" },
            { "description": "Equipment", "code": "equipmentCondition" }]
    },
    "MKFRAJ": {
        "default": ["market", "base-fare-adjustment", "classes"],
        "additional": [ 
            { "description": "Load Factor", "code": "loadFactorCondition" },
            { "description": "Carriers", "code": "carrierCondition" },
            { "description": "Flights", "code": "flightCondition" },
            { "description": "Connection Points", "code": "connectionPointCondition" },
            { "description": "Routing", "code": "routingCondition" },
            { "description": "Class Booking", "code": "classBookingCondition" },
            { "description": "Point of Commencement", "code": "pointOfCommencementCondition" },
            { "description": "Point of Sale", "code": "pointOfSaleCondition" },
            { "description": "Departure Dates", "code": "departureDateCondition" },
            { "description": "Selling Dates", "code": "sellingDateTimeCondition" },
            { "description": "Departure Time", "code": "departureTimeCondition" },
            { "description": "Arrival Time", "code": "arrivalTimeCondition" },
            { "description": "Time Outside Departure", "code": "timeOutsideDepartureCondition" },
            { "description": "Time to Departure", "code": "timeToDepartureCondition" },
            { "description": "Equipment", "code": "equipmentCondition" }]
    },
    "BPRADJ": {
        "default": ["market", "bid-price-adjustment"],
        "additional": [ 
            { "description": "Load Factor", "code": "loadFactorCondition" },
            { "description": "Carriers", "code": "carrierCondition" },
            { "description": "Flights", "code": "flightCondition" },
            { "description": "Connection Points", "code": "connectionPointCondition" },
            { "description": "Routing", "code": "routingCondition" },
            { "description": "Class Booking", "code": "classBookingCondition" },
            { "description": "Point of Commencement", "code": "pointOfCommencementCondition" },
            { "description": "Point of Sale", "code": "pointOfSaleCondition" },
            { "description": "Departure Dates", "code": "departureDateCondition" },
            { "description": "Selling Dates", "code": "sellingDateTimeCondition" },
            { "description": "Departure Time", "code": "departureTimeCondition" },
            { "description": "Arrival Time", "code": "arrivalTimeCondition" },
            { "description": "Time Outside Departure", "code": "timeOutsideDepartureCondition" },
            { "description": "Time to Departure", "code": "timeToDepartureCondition" },
            { "description": "Equipment", "code": "equipmentCondition" }],
        "EnableBidPriceCategory": false
    },
    "MARRIED": {
        "default": ["market", "classes"],
        "additional": [ 
            { "description": "Load Factor", "code": "loadFactorCondition" },
            { "description": "Carriers", "code": "carrierCondition" },
            { "description": "Flights", "code": "flightCondition" },
            { "description": "Connection Points", "code": "connectionPointCondition" },
            { "description": "Routing", "code": "routingCondition" },
            { "description": "Class Booking", "code": "classBookingCondition" },
            { "description": "Point of Commencement", "code": "pointOfCommencementCondition" },
            { "description": "Point of Sale", "code": "pointOfSaleCondition" },
            { "description": "Class Availability", "code": "classAvailabilityCondition" },
            { "description": "Departure Dates", "code": "departureDateCondition" },
            { "description": "Selling Dates", "code": "sellingDateTimeCondition" },
            { "description": "Departure Time", "code": "departureTimeCondition" },
            { "description": "Arrival Time", "code": "arrivalTimeCondition" },
            { "description": "Time Outside Departure", "code": "timeOutsideDepartureCondition" },
            { "description": "Time to Departure", "code": "timeToDepartureCondition" },
            { "description": "Equipment", "code": "equipmentCondition" }]
    },
    "POC": {
        "default": ["market", "classes"],
        "additional": [ 
            { "description": "Load Factor", "code": "loadFactorCondition" },
            { "description": "Carriers", "code": "carrierCondition" },
            { "description": "Flights", "code": "flightCondition" },
            { "description": "Connection Points", "code": "connectionPointCondition" },
            { "description": "Routing", "code": "routingCondition" },
            { "description": "Class Booking", "code": "classBookingCondition" },
            { "description": "Point of Commencement", "code": "pointOfCommencementCondition" },
            { "description": "Point of Sale", "code": "pointOfSaleCondition" },
            { "description": "Class Availability", "code": "classAvailabilityCondition" },
            { "description": "Departure Dates", "code": "departureDateCondition" },
            { "description": "Selling Dates", "code": "sellingDateTimeCondition" },
            { "description": "Departure Time", "code": "departureTimeCondition" },
            { "description": "Arrival Time", "code": "arrivalTimeCondition" },
            { "description": "Time Outside Departure", "code": "timeOutsideDepartureCondition" },
            { "description": "Time to Departure", "code": "timeToDepartureCondition" },
            { "description": "Equipment", "code": "equipmentCondition" }]
    },
    "RuleDirectory": {
        "QuickRuleEnable" : false
    }
}