{
	"Operators": [{
			"id": "EQ",
			"value": "="
		},
		{
			"id": "NEQ",
			"value": "≠"
		}
	],

	"ConnectionPoint": {
		"MainOperator": [{
				"id": "EQ",
				"value": "="
			},
			{
				"id": "NEQ",
				"value": "≠"
			}
		],		
		"RadioOptions": ["Any", "In Sequence"]
	},

	"SeatsOperators": [{
			"id": "EQ",
			"value": "="
		},
		{
			"id": "NEQ",
			"value": "≠"
		},
		{
			"id": "GT",
			"value": ">"
		},
		{
			"id": "LT",
			"value": "<"
		}
	],

	"LoadfactorOperators": [{
			"id": "EQ",
			"value": "="
		},
		{
			"id": "NEQ",
			"value": "≠"
		},
		{
			"id": "GRT",
			"value": ">"
		},
		{
			"id": "LES",
			"value": "<"
		},
		{
			"id": "GRTEQ",
			"value": "≥"
		},
		{
			"id": "LESEQ",
			"value": "≤"
		}
	],
	
	"AllOperators": [{
			"id": "EQ",
			"value": "="
		},
		{
			"id": "NEQ",
			"value": "≠"
		},
		{
			"id": "GT",
			"value": ">"
		},
		{
			"id": "LT",
			"value": "<"
		},
		{
			"id": "GTE",
			"value": "≥"
		},
		{
			"id": "LTE",
			"value": "≤"
		}
	],	

	"AdjustBidPriceTypes": [{
			"id": "O&D",
			"value": "Adjust O&D Bid Price"
		},
		{
			"id": "LEG",
			"value": "Adjust Leg Bid Price"
		}
	],
	"Status": [
		{
			"id": "ACTIV",
			"value": "ACTIVE"
		},
		{
			"id": "INACT",
			"value": "INACTIVE"
		},
		{
			"id": "SIMUL",
			"value": "SIMULATION"
		}
	],

	"TransactionTypes": [{
			"id": "ALL",
			"value": "All"
		},
		{
			"id": "SELL",
			"value": "Sell"
		},
		{
			"id": "AVAIL",
			"value": "Availability"
		},
		{
			"id": "WAITLISTCLEARANCE",
			"value": "Waitlist Clearance"
		}
	],

	"WaitLists": [{
			"id": "CLOSED",
			"value": "Waitlist Closed"
		},
		{
			"id": "WAITLIST",
			"value": "Waitlist"
		}
	],
	"AdditionalComponents": [{
			"id": "LF",
			"value": "Load Factor",
			"model": "loadFactorCondition"
		},
		{
			"id": "CP",
			"value": "Connection Points",
			"model": "connectionPointCondition"
		},
		{
			"id": "RU",
			"value": "Routing",
			"model": "routingCondition"
		},
		{
			"id": "CB",
			"value": "Class Booking",
			"model": "classBookingCondition"
		},
		{
			"id": "POC",
			"value": "Point of Commencement",
			"model": "pointOfCommencementCondition"
		},
		{
			"id": "POS",
			"value": "Point of Sale",
			"model": "pointOfSaleCondition"
		},
		{
			"id": "CA",
			"value": "Class Availability",
			"model": "classAvailabilityCondition"
		},
		{
			"id": "DD",
			"value": "Departure Dates",
			"model": "departureDateCondition"
		},
		{
			"id": "SD",
			"value": "Selling Dates",
			"model": "sellingDateTimeCondition"
		},
		{
			"id": "DT",
			"value": "Departure Time",
			"model": "departureTimeCondition"
		},
		{
			"id": "AT",
			"value": "Arrival Time",
			"model": "arrivalTimeCondition"
		},
		{
			"id": "TOD",
			"value": "Time Outside Departure",
			"model": "timeOutsideDepartureCondition"
		},
		{
			"id": "TTD",
			"value": "Time to Departure",
			"model": "timeToDepartureCondition"
		},
		{
			"id": "EQP",
			"value": "Equipment",
			"model": "equipmentCondition"
		}
	],
	

	"RuleTypes": [{
			"id": "CLSCLO",
			"name": "Class Closure"
		},
		{
			"id": "AVLADJ",
			"name": "Availability Adjustment"
		},
		{
			"id": "MKFRAJ",
			"name": "Market (Base) Fare Adjustment"
		},
		{
			"id": "BPRADJ",
			"name": "Bid Price Adjustment"
		},
		{
			"id": "CLSSUP",
			"name": "Class Suppression"
		},
		{
			"id": "MARRIED",
			"name": "Married Segment Logic"
		},
		{
			"id": "POC",
			"name": "Point of Commencement"
		}
	],

	"RuleStatus": [{
			"id": "ACTIV",
			"value": "Active"
		},
		{
			"id": "INACT",
			"value": "Inactive"
		},
		{
			"id": "SIMUL",
			"value": "Simulate"
		},		
		{
			"id": "DELET",
			"value": "Deleted"
		}
	],

	"FrequentFlyerProgram": [{
			"id": "united",
			"value": "United"
		},
		{
			"id": "program",
			"value": "Program"
		}
	],
	"FrequentFlyerTierLevel": [{
			"id": "premier silver",
			"value": "Premier Silver"
		},
		{
			"id": "premier gold",
			"value": "Premier Gold"
		},
		{
			"id": "premier platinum",
			"value": "Premier Platinum"
		},
		{
			"id": "premier 1K",
			"value": "Premier 1K"
		},
		{
			"id": "global services",
			"value": "Global Services"
		}
	],
	"RoutingConnectTypes": [{
			"id": "ONLINE",
			"value": "Online Connect"
		},
		{
			"id": "CODESHARE",
			"value": "Codeshare Connect"
		},
		{
			"id": "INTERLINE",
			"value": "OA/Interline Connect"
		},
		{
			"id": "ANY",
			"value": "Any"
		}
	],
	"RoutingCategorys": [{
			"id": "direct",
			"value": "Direct"
		},
		{
			"id": "nonstop",
			"value": "Non-stop"
		}
	],
	"RoutingTypes": [{
			"id": "International",
			"value": "International"
		},
		{
			"id": "Domestic",
			"value": "Domestic"
		},
		{
			"id": "Either",
			"value": "Either"
		}
	],

	"Days": [{
			"id": "monday",
			"value": "Mon"
		},
		{
			"id": "tuesday",
			"value": "Tue"
		},
		{
			"id": "wednesday",
			"value": "Wed"
		},
		{
			"id": "thursday",
			"value": "Thu"
		},
		{
			"id": "friday",
			"value": "Fri"
		},
		{
			"id": "saturday",
			"value": "Sat"
		},
		{
			"id": "sunday",
			"value": "Sun"
		}
	],
	"POSgroupName": [{
			"id": "GRP1",
			"value": "Group Name1"
		},
		{
			"id": "GRP2",
			"value": "Group Name2"
		},
		{
			"id": "GRP3",
			"value": "Group Name3"
		}
	],
	"POSuserType": [{
			"id": "user1",
			"value": "User Type1"
		},
		{
			"id": "user2",
			"value": "User Type2"
		},
		{
			"id": "user3",
			"value": "User Type3"
		}
	],
	"POSiataNumber": [{
			"id": "iata1",
			"value": "IATA 1"
		},
		{
			"id": "iata2",
			"value": "IATA 2"
		},
		{
			"id": "iata3",
			"value": "IATA 3"
		}
	],
	"POSbusinessID": [{
			"id": "BID1",
			"value": "Business ID 1"
		},
		{
			"id": "BID2",
			"value": "Business ID 2"
		},
		{
			"id": "BID3",
			"value": "Business ID 3"
		}
	],
	"BidPriceCategory": [{
			"id": "connection",
			"value": "Connection"
		},
		{
			"id": "local",
			"value": "Local"
		},
		{
			"id": "reward",
			"value": "Reward"
		},
		{
			"id": "opaque",
			"value": "Opaque"
		}
	]
}